{"text": " Yes, finally, this is great. Okay, so now the issue sometimes is that maybe I'm in a crowded place, maybe you can't hear me properly, maybe like you are, yeah, like I'll have these long pauses, someone else to say something, things could get mixed up, my words could be transcribed incorrectly. Right, how are you able to fix that first as well? Yeah.", "segments": [{"id": 0, "seek": 0, "start": 0.0, "end": 27.0, "text": " Yes, finally, this is great. Okay, so now the issue sometimes is that maybe I'm in a crowded place, maybe you can't hear me properly, maybe like you are, yeah, like I'll have these long pauses, someone else to say something, things could get mixed up, my words could be transcribed incorrectly.", "tokens": [50364, 1079, 11, 2721, 11, 341, 307, 869, 13, 1033, 11, 370, 586, 264, 2734, 2171, 307, 300, 1310, 286, 478, 294, 257, 21634, 1081, 11, 1310, 291, 393, 380, 1568, 385, 6108, 11, 1310, 411, 291, 366, 11, 1338, 11, 411, 286, 603, 362, 613, 938, 2502, 8355, 11, 1580, 1646, 281, 584, 746, 11, 721, 727, 483, 7467, 493, 11, 452, 2283, 727, 312, 1145, 18732, 42892, 13, 51714], "temperature": 0.0, "avg_logprob": -0.26119686806038633, "compression_ratio": 1.5154639175257731, "no_speech_prob": 0.42793816328048706}, {"id": 1, "seek": 2700, "start": 27.0, "end": 31.0, "text": " Right, how are you able to fix that first as well? Yeah.", "tokens": [50364, 1779, 11, 577, 366, 291, 1075, 281, 3191, 300, 700, 382, 731, 30, 865, 13, 50564], "temperature": 0.0, "avg_logprob": -0.21673107147216797, "compression_ratio": 0.9032258064516129, "no_speech_prob": 0.7005434036254883}], "language": "en"}