{"text": " It is a standard voice message. I've been using the same thing over and over. What's wrong with you? Can you figure this out or not? What's happening?", "segments": [{"id": 0, "seek": 0, "start": 0.96, "end": 4.96, "text": " It is a standard voice message. I've been using the same thing over and over.", "tokens": [50412, 467, 307, 257, 3832, 3177, 3636, 13, 286, 600, 668, 1228, 264, 912, 551, 670, 293, 670, 13, 50612], "temperature": 0.0, "avg_logprob": -0.2180167407524295, "compression_ratio": 1.2820512820512822, "no_speech_prob": 0.22593005001544952}, {"id": 1, "seek": 0, "start": 4.96, "end": 8.4, "text": " What's wrong with you? Can you figure this out or not? What's happening?", "tokens": [50612, 708, 311, 2085, 365, 291, 30, 1664, 291, 2573, 341, 484, 420, 406, 30, 708, 311, 2737, 30, 50784], "temperature": 0.0, "avg_logprob": -0.2180167407524295, "compression_ratio": 1.2820512820512822, "no_speech_prob": 0.22593005001544952}], "language": "en"}