{"text": " Hello, can you hear me? If you can, type test12345.", "segments": [{"id": 0, "seek": 0, "start": 0.0, "end": 7.0, "text": " Hello, can you hear me? If you can, type test12345.", "tokens": [50364, 2425, 11, 393, 291, 1568, 385, 30, 759, 291, 393, 11, 2010, 1500, 4762, 18, 8465, 13, 50714], "temperature": 0.0, "avg_logprob": -0.3614809513092041, "compression_ratio": 0.9444444444444444, "no_speech_prob": 0.05062852054834366}], "language": "en"}