{"text": " Okay, so, yeah, this will be a long message just to test it out first thing you should send to me as test 12345 second later, I want you to. Yeah, help me plan with you what other things I should be getting. Actually, I honestly say specifically on installing skills. Yeah, because that one is quite important to me as to how I can make sure you function. Well, I am going to go and give you a whole freaking desktop to go and use with internet connection and I'll slowly add things bit by bit so that you yourself can start to touch and utilize in order to fix whatever it is. Okay, yeah.", "segments": [{"id": 0, "seek": 0, "start": 0.0, "end": 17.16, "text": " Okay, so, yeah, this will be a long message just to test it out first thing you should send to me as test 12345 second later, I want you to.", "tokens": [50364, 1033, 11, 370, 11, 1338, 11, 341, 486, 312, 257, 938, 3636, 445, 281, 1500, 309, 484, 700, 551, 291, 820, 2845, 281, 385, 382, 1500, 34466, 8465, 1150, 1780, 11, 286, 528, 291, 281, 13, 51222], "temperature": 0.0, "avg_logprob": -0.3610634874941698, "compression_ratio": 1.459016393442623, "no_speech_prob": 0.28757011890411377}, {"id": 1, "seek": 0, "start": 17.16, "end": 26.560000000000002, "text": " Yeah, help me plan with you what other things I should be getting. Actually, I honestly say specifically on installing skills.", "tokens": [51222, 865, 11, 854, 385, 1393, 365, 291, 437, 661, 721, 286, 820, 312, 1242, 13, 5135, 11, 286, 6095, 584, 4682, 322, 20762, 3942, 13, 51692], "temperature": 0.0, "avg_logprob": -0.3610634874941698, "compression_ratio": 1.459016393442623, "no_speech_prob": 0.28757011890411377}, {"id": 2, "seek": 2656, "start": 26.959999999999997, "end": 50.32, "text": " Yeah, because that one is quite important to me as to how I can make sure you function. Well, I am going to go and give you a whole freaking desktop to go and use with internet connection and I'll slowly add things bit by bit so that you yourself can start to touch and utilize in order to fix whatever it is.", "tokens": [50384, 865, 11, 570, 300, 472, 307, 1596, 1021, 281, 385, 382, 281, 577, 286, 393, 652, 988, 291, 2445, 13, 1042, 11, 286, 669, 516, 281, 352, 293, 976, 291, 257, 1379, 14612, 14502, 281, 352, 293, 764, 365, 4705, 4984, 293, 286, 603, 5692, 909, 721, 857, 538, 857, 370, 300, 291, 1803, 393, 722, 281, 2557, 293, 16117, 294, 1668, 281, 3191, 2035, 309, 307, 13, 51552], "temperature": 0.0, "avg_logprob": -0.23151112841321275, "compression_ratio": 1.5141509433962264, "no_speech_prob": 0.03661603853106499}, {"id": 3, "seek": 2656, "start": 50.879999999999995, "end": 53.44, "text": " Okay, yeah.", "tokens": [51580, 1033, 11, 1338, 13, 51708], "temperature": 0.0, "avg_logprob": -0.23151112841321275, "compression_ratio": 1.5141509433962264, "no_speech_prob": 0.03661603853106499}], "language": "en"}